{"cameraMode":{"drawMode":0,"name":"Shaded","section":"Shading Mode"},"sceneLighting":true,"audioPlay":false,"sceneViewState":{"showFog":true,"showMaterialUpdate":false,"showSkybox":true,"showFlares":true,"showImageEffects":true,"showParticleSystems":true},"in2DMode":false,"pivot":{"x":-0.7796993255615234,"y":2.4184131622314455,"z":10.961929321289063},"rotation":{"x":-0.16300001740455628,"y":0.8293404579162598,"z":-0.3110387921333313,"w":-0.4346127212047577},"size":24.79417610168457,"orthographic":false}