{"cameraMode":{"drawMode":0,"name":"Shaded","section":"Shading Mode"},"sceneLighting":true,"audioPlay":false,"sceneViewState":{"showFog":true,"showMaterialUpdate":false,"showSkybox":true,"showFlares":true,"showImageEffects":true,"showParticleSystems":true},"in2DMode":false,"pivot":{"x":-5.071527481079102,"y":-3.699193000793457,"z":4.687447547912598},"rotation":{"x":-0.17601819336414338,"y":0.8173938393592835,"z":-0.3262963593006134,"w":-0.44093427062034609},"size":27.38707160949707,"orthographic":false}