{"cameraMode":{"drawMode":0,"name":"Shaded","section":"Shading Mode"},"sceneLighting":true,"audioPlay":false,"sceneViewState":{"showFog":true,"showMaterialUpdate":false,"showSkybox":true,"showFlares":true,"showImageEffects":true,"showParticleSystems":true},"in2DMode":false,"pivot":{"x":5.179999828338623,"y":2.690000057220459,"z":4.14813232421875},"rotation":{"x":0.3062700033187866,"y":-0.2879660725593567,"z":0.09777117520570755,"w":0.9020615816116333},"size":12.143863677978516,"orthographic":false}