{"cameraMode":{"drawMode":0,"name":"Shaded","section":"Shading Mode"},"sceneLighting":true,"audioPlay":false,"sceneViewState":{"showFog":true,"showMaterialUpdate":false,"showSkybox":true,"showFlares":true,"showImageEffects":true,"showParticleSystems":true},"in2DMode":false,"pivot":{"x":553.58984375,"y":245.68309020996095,"z":-19.2750244140625},"rotation":{"x":0.01649695634841919,"y":0.016496334224939348,"z":-0.00027268481790088117,"w":0.9997344017028809},"size":588.9749145507813,"orthographic":true}