{"cameraMode":{"drawMode":0,"name":"Shaded","section":"Shading Mode"},"sceneLighting":true,"audioPlay":false,"sceneViewState":{"showFog":true,"showMaterialUpdate":false,"showSkybox":true,"showFlares":true,"showImageEffects":true,"showParticleSystems":true},"in2DMode":false,"pivot":{"x":50.51852035522461,"y":27.631458282470704,"z":31.07270622253418},"rotation":{"x":0.007794445380568504,"y":-0.04350753128528595,"z":0.0005427103023976088,"w":0.9990730285644531},"size":2.879342555999756,"orthographic":false}