{"cameraMode":{"drawMode":0,"name":"Shaded","section":"Shading Mode"},"sceneLighting":true,"audioPlay":false,"sceneViewState":{"showFog":true,"showMaterialUpdate":false,"showSkybox":true,"showFlares":true,"showImageEffects":true,"showParticleSystems":true},"in2DMode":false,"pivot":{"x":51.9100341796875,"y":26.39291763305664,"z":41.35447311401367},"rotation":{"x":0.021303454414010049,"y":0.022800089791417123,"z":-0.0004888054681941867,"w":0.9995265603065491},"size":11.669800758361817,"orthographic":false}