{"cameraMode":{"drawMode":0,"name":"Shaded","section":"Shading Mode"},"sceneLighting":false,"audioPlay":false,"sceneViewState":{"showFog":true,"showMaterialUpdate":false,"showSkybox":false,"showFlares":true,"showImageEffects":true,"showParticleSystems":true},"in2DMode":false,"pivot":{"x":0.10543102025985718,"y":-0.016966789960861207,"z":-0.007657438516616821},"rotation":{"x":0.06775718182325363,"y":0.01345864124596119,"z":-0.0008027395815588534,"w":0.9976486563682556},"size":3.013296365737915,"orthographic":false}