{"cameraMode":{"drawMode":0,"name":"Shaded","section":"Shading Mode"},"sceneLighting":true,"audioPlay":false,"sceneViewState":{"showFog":true,"showMaterialUpdate":false,"showSkybox":true,"showFlares":true,"showImageEffects":true,"showParticleSystems":true},"in2DMode":false,"pivot":{"x":50.35573959350586,"y":25.981470108032228,"z":30.398845672607423},"rotation":{"x":0.07969175279140473,"y":-0.028408052399754525,"z":0.0025032528210431339,"w":0.9964667558670044},"size":2.4844908714294435,"orthographic":false}