{"cameraMode":{"drawMode":0,"name":"Shaded","section":"Shading Mode"},"sceneLighting":true,"audioPlay":false,"sceneViewState":{"showFog":true,"showMaterialUpdate":false,"showSkybox":true,"showFlares":true,"showImageEffects":true,"showParticleSystems":true},"in2DMode":false,"pivot":{"x":55.9864616394043,"y":12.647357940673829,"z":52.46097946166992},"rotation":{"x":0.2629936635494232,"y":0.13552775979042054,"z":-0.0371132493019104,"w":0.9545653462409973},"size":29.386690139770509,"orthographic":false}