{"cameraMode":{"drawMode":0,"name":"Shaded","section":"Shading Mode"},"sceneLighting":true,"audioPlay":false,"sceneViewState":{"showFog":true,"showMaterialUpdate":true,"showSkybox":true,"showFlares":true,"showImageEffects":true,"showParticleSystems":true},"in2DMode":false,"pivot":{"x":26.952632904052736,"y":11.879920959472657,"z":17.92174530029297},"rotation":{"x":0.002012006239965558,"y":-0.9954217672348023,"z":0.09315332770347595,"w":0.02151183784008026},"size":3.730898141860962,"orthographic":false}