{"cameraMode":{"drawMode":0,"name":"Shaded","section":"Shading Mode"},"sceneLighting":true,"audioPlay":false,"sceneViewState":{"showFog":true,"showMaterialUpdate":true,"showSkybox":true,"showFlares":true,"showImageEffects":true,"showParticleSystems":true},"in2DMode":false,"pivot":{"x":23.121530532836915,"y":11.48642635345459,"z":10.912601470947266},"rotation":{"x":0.009439622052013874,"y":-0.9816298484802246,"z":0.05041220039129257,"w":0.18381118774414063},"size":11.893149375915528,"orthographic":false}