{"cameraMode":{"drawMode":0,"name":"Shaded","section":"Shading Mode"},"sceneLighting":true,"audioPlay":false,"sceneViewState":{"showFog":true,"showMaterialUpdate":true,"showSkybox":true,"showFlares":true,"showImageEffects":true,"showParticleSystems":true},"in2DMode":false,"pivot":{"x":27.263389587402345,"y":12.067359924316407,"z":27.982898712158204},"rotation":{"x":0.025758320465683938,"y":0.06507931649684906,"z":-0.0016604033298790455,"w":0.9976029992103577},"size":11.17462158203125,"orthographic":false}