{"cameraMode":{"drawMode":0,"name":"Shaded","section":"Shading Mode"},"sceneLighting":true,"audioPlay":false,"sceneViewState":{"showFog":true,"showMaterialUpdate":true,"showSkybox":true,"showFlares":true,"showImageEffects":true,"showParticleSystems":true},"in2DMode":false,"pivot":{"x":27.825271606445314,"y":10.2891263961792,"z":14.611398696899414},"rotation":{"x":-0.023127514868974687,"y":-0.9763137102127075,"z":0.13440904021263123,"w":-0.1679856777191162},"size":8.061566352844239,"orthographic":false}