{"cameraMode":{"drawMode":0,"name":"Shaded","section":"Shading Mode"},"sceneLighting":true,"audioPlay":false,"sceneViewState":{"showFog":true,"showMaterialUpdate":true,"showSkybox":true,"showFlares":true,"showImageEffects":true,"showParticleSystems":true},"in2DMode":false,"pivot":{"x":16.196449279785158,"y":2.490659713745117,"z":-28.271316528320314},"rotation":{"x":0.012398536317050457,"y":-0.9876466989517212,"z":0.11038877815008164,"w":0.11068691313266754},"size":49.174522399902347,"orthographic":false}