{"cameraMode":{"drawMode":0,"name":"Shaded","section":"Shading Mode"},"sceneLighting":true,"audioPlay":false,"sceneViewState":{"showFog":true,"showMaterialUpdate":true,"showSkybox":true,"showFlares":true,"showImageEffects":true,"showParticleSystems":true},"in2DMode":false,"pivot":{"x":26.255847930908204,"y":11.77400016784668,"z":17.53502655029297},"rotation":{"x":-0.0022231785114854576,"y":-0.9961035847663879,"z":0.0841812863945961,"w":-0.026296744123101236},"size":4.24523401260376,"orthographic":false}