{"cameraMode":{"drawMode":0,"name":"Shaded","section":"Shading Mode"},"sceneLighting":true,"audioPlay":false,"sceneViewState":{"showFog":true,"showMaterialUpdate":true,"showSkybox":true,"showFlares":true,"showImageEffects":true,"showParticleSystems":true},"in2DMode":false,"pivot":{"x":27.440000534057618,"y":11.911999702453614,"z":17.920000076293947},"rotation":{"x":-0.003382235998287797,"y":-0.9951150417327881,"z":0.09161926805973053,"w":-0.036729056388139728},"size":4.030898094177246,"orthographic":false}