{"cameraMode":{"drawMode":0,"name":"Shaded","section":"Shading Mode"},"sceneLighting":true,"audioPlay":false,"sceneViewState":{"showFog":true,"showMaterialUpdate":false,"showSkybox":true,"showFlares":true,"showImageEffects":true,"showParticleSystems":true},"in2DMode":false,"pivot":{"x":49.43513870239258,"y":26.980131149291993,"z":31.960264205932618},"rotation":{"x":0.26792994141578677,"y":0.4730977416038513,"z":-0.1533336192369461,"w":0.8252233862876892},"size":1.6458983421325684,"orthographic":false}