{"cameraMode":{"drawMode":0,"name":"Shaded","section":"Shading Mode"},"sceneLighting":true,"audioPlay":false,"sceneViewState":{"showFog":true,"showMaterialUpdate":true,"showSkybox":true,"showFlares":true,"showImageEffects":true,"showParticleSystems":true},"in2DMode":false,"pivot":{"x":0.6430549025535584,"y":0.0065975189208984379,"z":0.17969512939453126},"rotation":{"x":-0.1874355524778366,"y":0.08823291957378388,"z":-0.016886644065380098,"w":-0.9782189130783081},"size":5.281540393829346,"orthographic":false}