{"cameraMode":{"drawMode":0,"name":"Shaded","section":"Shading Mode"},"sceneLighting":true,"audioPlay":false,"sceneViewState":{"showFog":true,"showMaterialUpdate":true,"showSkybox":false,"showFlares":true,"showImageEffects":true,"showParticleSystems":true},"in2DMode":false,"pivot":{"x":-20.15087127685547,"y":-5.2967376708984379,"z":20.903545379638673},"rotation":{"x":-0.12730491161346436,"y":0.8286538124084473,"z":-0.2096579372882843,"w":-0.5031616687774658},"size":136.36219787597657,"orthographic":false}